iter	RMSE
0	0.1013429332
75	0.09583079647
150	0.09234522294
