iter	RMSE
0	0.1013147622
75	0.0956544681
150	0.09203487844
