iter	RMSE
0	0.1013539364
75	0.09827601762
