iter	RMSE
0	0.9976701005
75	0.4779923699
150	0.2420423874
225	0.1446584307
300	0.1121197057
375	0.1023910889
450	0.09891054997
525	0.09691492781
