iter	RMSE
0	0.997671252
75	0.4780104696
150	0.2420438936
225	0.1446770676
300	0.1113194787
375	0.1009972065
450	0.09636826068
525	0.09324194373
