iter	RMSE
0	0.1013742858
75	0.09967631805
150	0.09880763299
