iter	RMSE
0	0.2273296148
75	0.1602050449
99	0.149436148
