iter	RMSE
0	0.1013530167
75	0.09816084959
